{"cameraMode":{"drawMode":0,"name":"Shaded","section":"Shading Mode"},"sceneLighting":true,"audioPlay":false,"sceneViewState":{"m_AlwaysRefresh":false,"showFog":true,"showSkybox":true,"showFlares":true,"showImageEffects":true,"showParticleSystems":true,"showVisualEffectGraphs":true,"m_FxEnabled":true},"in2DMode":false,"pivot":{"x":-1.545142650604248,"y":-0.05384540557861328,"z":2.126791000366211},"rotation":{"x":-0.11855806410312653,"y":0.8347203731536865,"z":-0.19791968166828156,"w":-0.5000147819519043},"size":10.056506156921387,"orthographic":false}